companyName,entity,tierReason,website
Panele LED - Rafig.pl Sklep Elektroniczny Wrocław Ołbińska 4,company,llm:off-niche,https://rafig.pl
Lampa LED - Centrum Dermatologii Estetycznej - Bagłaj Wrocław,company,llm:off-niche,https://baglaj.com.pl
"Oświetlenie, Kędzierzyn-Koźle - 15 najlepszych fachowców",company,llm:off-niche,https://daibau.pl
Kontakt - Skontaktuj się z naszym zespołem aby uzyskać więcej informacji.,company,llm:off-niche,https://luwo-led.pl
Terapia światłem LED we Wrocławiu – czy warto wypróbować?,company,llm:off-niche,https://velissiclinic.com
Zielona Góra wymieni blisko 8 tysięcy lamp ulicznych. To jedna z ...,company,llm:off-niche,https://energa-oswietlenie.pl
"Leds Polska Sp. z o.o., Wrocław: oficjalna strona, adres, kontakty ...",company,llm:off-niche,https://wrocaw.cataloxy.pl
Lampy Zielona Góra - GALERIA GEA,company,llm:off-niche,https://galeriagea.pl
Oświetlenie i lampy do domu i ogrodu - Zielona Góra | OLX,company,llm:off-niche,https://olx.pl
"ᐅ Godziny otwarcia „lightcenter"" | Kozielska 9 w Kędzierzyn-Koźle",directory,not-a-company:directory,https://godzinyotwarcia24.pl
"Wodoodporna lampa LED, która zasmakowała solanki - Auto i łódź",directory,not-a-company:directory,https://forum-motorowodne.pl
Oświetlenie led Łódź - lista firm,directory,not-a-company:directory,https://baza-firm.com.pl
sklep z oświetleniem w Zielona Góra w wyszukiwarce Cylex,directory,not-a-company:directory,https://cylex-polska.pl
Wymiana i unifikacja oświetlenia miejskiego w Kędzierzynie-Koźlu,gov,not-a-company:gov,https://kedzierzynkozle.pl
Miasto wymienia oświetlenie na ekologiczne i ekonomiczne. 99 procent ...,news,not-a-company:news,https://kk24.pl
